,City,Lat,Lng,Max Temp,Humidity,Cloudiness,Wind Speed,Country,Date
0,acapulco,16.86,-99.89,87.8,66,20,5.82,MX,1584646412
1,ushuaia,-54.8,-68.3,51.8,71,75,11.41,AR,1584646215
2,hilo,19.73,-155.09,78.8,65,75,4.7,US,1584646412
3,victoria,22.29,114.16,70.0,88,40,2.24,HK,1584646343
4,staraya toropa,56.28,31.67,35.51,78,0,9.71,RU,1584646412
5,bonavista,48.65,-53.11,25.43,68,97,10.78,CA,1584646412
6,tuktoyaktuk,69.45,-133.04,21.2,92,90,11.41,CA,1584646413
7,nuuk,64.18,-51.72,28.4,86,75,27.51,GL,1584646413
8,cherskiy,68.75,161.3,-32.35,94,0,4.27,RU,1584646413
9,airai,-8.93,125.41,66.11,95,100,2.82,TL,1584646413
10,dawlatabad,36.41,64.91,63.77,64,100,18.25,AF,1584646413
11,porto nacional,-10.71,-48.42,80.6,78,40,5.82,BR,1584646413
12,butaritari,3.07,172.79,81.59,82,100,16.64,KI,1584646413
13,hermanus,-34.42,19.23,63.0,87,0,1.48,ZA,1584646413
14,busselton,-33.65,115.33,63.0,54,100,10.63,AU,1584646414
15,albany,42.6,-73.97,50.0,70,90,3.4,US,1584646201
16,la ronge,55.1,-105.28,12.2,33,5,8.05,CA,1584646414
17,atuona,-9.8,-139.03,82.13,76,0,11.77,PF,1584646414
18,kapaa,22.08,-159.32,75.2,94,20,3.36,US,1584646414
19,mataura,-46.19,168.86,51.01,64,0,14.0,NZ,1584646414
20,hobart,-42.88,147.33,55.4,82,75,8.05,AU,1584646414
21,avarua,-21.21,-159.78,75.2,100,100,2.24,CK,1584646414
22,vila,42.03,-8.16,57.99,93,75,2.24,PT,1584646415
23,upala,10.9,-85.01,95.0,32,20,20.8,CR,1584646415
24,new norfolk,-42.78,147.06,55.4,82,75,8.05,AU,1584646415
25,clyde river,70.47,-68.59,-5.8,83,95,32.21,CA,1584646415
26,vaini,-21.2,-175.2,78.8,78,40,6.93,TO,1584646415
27,ikalamavony,-21.15,46.58,68.09,89,53,3.58,MG,1584646415
28,port blair,11.67,92.75,81.41,61,41,6.49,IN,1584646415
29,chiang khong,20.26,100.4,73.99,73,75,0.69,TH,1584646415
30,clarence town,-32.58,151.78,70.0,93,0,2.77,AU,1584646416
31,bredasdorp,-34.53,20.04,63.0,88,0,1.12,ZA,1584646416
32,seymchan,62.88,152.43,-21.01,92,0,3.6,RU,1584646416
33,upernavik,72.79,-56.15,-2.29,78,100,10.18,GL,1584646416
34,korla,41.76,86.15,46.0,95,0,7.0,CN,1584646416
35,rikitea,-23.12,-134.97,79.25,81,100,12.39,PF,1584646416
36,teya,60.38,92.63,19.31,89,100,8.63,RU,1584646416
37,bedele,8.46,36.35,67.73,77,100,4.72,ET,1584646416
38,greystones,53.14,-6.06,41.0,60,40,4.7,IE,1584646127
39,veraval,20.9,70.37,68.81,88,100,6.4,IN,1584646209
40,koszalin,54.19,16.17,44.01,74,49,3.18,PL,1584646417
41,jamestown,42.1,-79.24,55.99,81,90,8.05,US,1584646413
42,uray,60.12,64.78,32.63,97,100,8.5,RU,1584646417
43,bluff,-46.6,168.33,51.01,64,22,14.0,NZ,1584646417
44,saint-philippe,-21.36,55.77,73.4,64,0,8.05,RE,1584646417
45,namibe,-15.2,12.15,74.03,83,99,12.12,AO,1584646417
46,fortuna,40.6,-124.16,57.99,71,20,6.93,US,1584646417
47,barrow,71.29,-156.79,28.4,86,90,17.22,US,1584646417
48,taltal,-25.4,-70.48,66.29,66,0,6.91,CL,1584646418
49,puerto ayora,-0.74,-90.35,84.2,70,20,9.17,EC,1584646418
50,fukue,32.69,128.84,48.2,49,0,16.11,JP,1584646418
51,sibu,2.3,111.82,77.0,100,75,1.12,MY,1584646209
52,axim,4.87,-2.24,79.07,89,100,5.3,GH,1584646418
53,avera,33.19,-82.53,86.0,54,40,5.82,US,1584646418
54,kota bahru,6.13,102.24,73.0,94,20,1.12,MY,1584646418
55,ratnagiri,16.98,73.3,65.75,76,0,2.15,IN,1584646418
56,port macquarie,-31.43,152.92,61.0,100,0,8.66,AU,1584646248
57,yellowknife,62.46,-114.35,5.0,60,40,13.87,CA,1584646419
58,millinocket,45.66,-68.71,42.01,65,90,5.82,US,1584646419
59,souillac,-20.52,57.52,77.0,83,75,6.02,MU,1584646419
60,mar del plata,-38.0,-57.56,71.6,64,40,10.29,AR,1584646419
61,itacoatiara,-3.14,-58.44,73.4,100,40,8.05,BR,1584646419
62,dikson,73.51,80.55,-12.01,93,91,10.22,RU,1584646419
63,kodiak,57.79,-152.41,35.6,69,1,4.7,US,1584646419
64,laguna,38.42,-121.42,59.0,66,1,3.8,US,1584646324
65,chunan,24.53,110.55,62.51,94,58,1.57,CN,1584646419
66,kahului,20.89,-156.47,78.8,69,40,6.93,US,1584646262
67,omboue,-1.57,9.26,75.29,97,100,3.65,GA,1584646420
68,kirovskiy,45.09,133.51,25.97,90,100,18.88,RU,1584646420
69,iqaluit,63.75,-68.51,5.0,77,90,19.46,CA,1584646420
70,vitina,43.24,17.48,51.35,68,0,2.57,BA,1584646420
71,tasiilaq,65.61,-37.64,17.6,78,100,34.45,GL,1584646420
72,punta arenas,-53.15,-70.92,53.6,50,75,32.21,CL,1584646420
73,salta,-24.79,-65.41,77.0,64,90,9.17,AR,1584646420
74,kinchil,20.92,-89.95,96.8,32,40,11.41,MX,1584646420
75,nueva guinea,11.69,-84.46,86.63,50,0,14.9,NI,1584646420
76,ribeira grande,38.52,-28.7,59.0,54,40,14.99,PT,1584646421
77,chicama,-7.84,-79.15,73.4,83,5,13.87,PE,1584646421
78,horta,38.53,-28.63,59.0,54,40,14.99,PT,1584646421
79,college,64.86,-147.8,30.0,86,40,3.36,US,1584646421
80,klyuchi,52.27,79.17,21.65,94,91,11.9,RU,1584646421
81,dhidhdhoo,6.88,73.1,83.57,73,100,3.76,MV,1584646421
82,nikolskoye,59.7,30.79,37.4,95,90,11.18,RU,1584646421
83,cape town,-33.93,18.42,68.0,88,7,11.41,ZA,1584646201
84,abu samrah,35.3,37.18,41.45,85,91,11.21,SY,1584646421
85,dukat,62.55,155.55,-21.73,95,20,3.09,RU,1584646422
86,saint-georges,12.06,-61.75,86.0,62,20,17.22,GD,1584646422
87,neiafu,-18.65,-173.98,77.0,94,90,12.24,TO,1584646422
88,carnarvon,-24.87,113.63,78.8,57,68,8.05,AU,1584646422
89,padang,-0.95,100.35,67.01,99,100,1.79,ID,1584646422
90,urdoma,61.75,48.54,27.59,91,87,5.82,RU,1584646422
91,port elizabeth,-33.92,25.57,71.6,83,75,12.75,ZA,1584646422
92,juneau,58.3,-134.42,42.8,60,1,8.46,US,1584646140
93,provideniya,64.38,-173.3,30.65,98,100,22.03,RU,1584646422
94,longyearbyen,78.22,15.64,-0.4,64,75,9.17,SJ,1584646206
95,chokurdakh,70.63,147.92,-11.83,79,98,10.25,RU,1584646423
96,cururupu,-1.83,-44.87,77.09,96,100,2.53,BR,1584646423
97,alice springs,-23.7,133.88,66.2,55,33,8.72,AU,1584646423
98,leningradskiy,69.38,178.42,-2.65,90,100,24.76,RU,1584646423
99,changji,44.02,87.32,42.8,66,55,6.71,CN,1584646423
100,port alfred,-33.59,26.89,72.59,84,100,15.19,ZA,1584646423
101,sharan,54.82,54.0,34.25,97,100,19.42,RU,1584646423
102,cidreira,-30.18,-50.21,76.91,72,0,14.72,BR,1584646424
103,hualmay,-11.1,-77.61,80.51,58,51,10.71,PE,1584646424
104,guerrero negro,27.98,-114.06,63.95,46,65,14.16,MX,1584646424
105,hamilton,39.18,-84.53,64.0,100,90,9.89,US,1584646330
106,caceres,39.52,-6.37,57.99,66,1,1.99,ES,1584646424
107,marzuq,14.4,46.47,69.17,56,44,5.19,YE,1584646424
108,banda aceh,5.56,95.32,73.85,79,100,2.06,ID,1584646424
109,cabo san lucas,22.89,-109.91,78.01,60,5,9.17,MX,1584646424
110,faanui,-16.48,-151.75,83.03,65,100,3.83,PF,1584646424
111,macusani,-14.08,-70.43,46.67,60,100,8.41,PE,1584646425
112,jutai,-5.18,-68.9,79.61,93,96,2.8,BR,1584646425
113,synya,65.37,58.04,19.31,95,99,7.18,RU,1584646425
114,lompoc,34.64,-120.46,59.0,62,75,6.93,US,1584646206
115,svetlaya,46.54,138.33,31.55,97,100,31.99,RU,1584646425
116,samarai,-10.62,150.67,76.55,91,100,5.28,PG,1584646425
117,sao joao da barra,-21.64,-41.05,87.8,58,0,16.11,BR,1584646425
118,alofi,-19.06,-169.92,77.0,100,100,2.24,NU,1584646264
119,georgetown,5.41,100.34,80.6,94,40,4.7,MY,1584646426
120,kloulklubed,7.04,134.26,82.13,81,1,15.84,PW,1584646426
121,saint albans,51.75,-0.33,46.99,100,90,10.29,GB,1584646426
122,tabou,4.42,-7.35,78.35,90,69,4.21,CI,1584646426
123,yulara,-25.24,130.99,77.0,27,0,5.82,AU,1584646426
124,the valley,18.22,-63.06,84.2,73,40,3.36,AI,1584646426
125,mnogovershinnyy,53.94,139.92,9.59,84,0,0.58,RU,1584646426
126,kangaatsiaq,68.31,-53.46,28.31,59,100,29.12,GL,1584646427
127,palu,-0.89,119.87,67.01,96,62,1.95,ID,1584646427
128,qaanaaq,77.48,-69.36,-17.77,57,0,1.9,GL,1584646427
129,la palma,33.85,-118.05,62.6,48,75,8.05,US,1584646427
130,petropavlovsk-kamchatskiy,53.05,158.65,19.4,67,75,6.71,RU,1584646427
131,mehamn,71.04,27.85,17.6,85,90,26.4,NO,1584646427
132,netrakona,24.88,90.72,68.63,39,96,2.73,BD,1584646427
133,kailua,21.4,-157.74,75.2,73,75,4.7,US,1584646427
134,komsomolskiy,40.43,71.72,57.2,54,0,2.24,UZ,1584646427
135,kalach-na-donu,48.69,43.53,33.8,50,40,2.24,RU,1584646428
136,port lincoln,-34.73,135.87,64.31,73,76,11.92,AU,1584646428
137,adrar,20.5,-10.07,68.99,19,0,11.07,MR,1584646428
138,isangel,-19.55,169.27,71.6,94,75,18.66,VU,1584646428
139,severo-kurilsk,50.68,156.12,26.69,92,92,0.65,RU,1584646428
140,energeticheskiy,43.43,77.02,42.8,81,90,8.95,KZ,1584646428
141,lebu,-37.62,-73.65,65.39,48,0,9.28,CL,1584646428
142,torbay,47.67,-52.73,33.01,50,20,17.22,CA,1584646428
143,narsaq,60.92,-46.05,28.4,68,75,24.16,GL,1584646428
144,waitati,-45.75,170.57,52.0,67,0,1.99,NZ,1584646429
145,westport,41.14,-73.36,52.0,45,90,10.29,US,1584646197
146,bengkulu,-3.8,102.27,73.49,87,88,3.36,ID,1584646429
147,sao filipe,14.9,-24.5,66.65,78,17,20.54,CV,1584646429
148,scarborough,54.28,-0.4,44.6,86,96,3.36,GB,1584646309
149,port-gentil,-0.72,8.78,78.8,94,40,4.7,GA,1584646429
150,laela,-8.57,32.05,58.73,97,100,2.48,TZ,1584646429
151,san quintin,30.48,-115.95,59.81,60,67,11.5,MX,1584646429
152,shar,49.59,81.05,18.59,76,0,4.12,KZ,1584646429
153,east london,-33.02,27.91,73.4,88,40,8.05,ZA,1584646430
154,ascension,30.22,-90.9,84.2,62,90,13.87,US,1584646430
155,havre de grace,39.55,-76.09,60.8,87,90,4.7,US,1584646430
156,kruisfontein,-34.0,24.73,69.53,78,96,8.75,ZA,1584646430
157,naranjos,21.35,-97.68,78.35,80,0,19.26,MX,1584646430
158,dali,25.7,100.18,41.81,58,0,3.36,CN,1584646430
159,saskylakh,71.92,114.08,-12.37,94,100,14.27,RU,1584646430
160,khatanga,71.97,102.5,-10.93,97,100,7.94,RU,1584646430
161,vila velha,-20.33,-40.29,84.0,74,20,12.75,BR,1584646364
162,altay,47.87,88.12,15.17,51,0,6.35,CN,1584646431
163,hithadhoo,-0.6,73.08,83.75,69,39,2.82,MV,1584646431
164,yadrin,55.94,46.21,34.97,87,21,10.45,RU,1584646431
165,isla mujeres,21.23,-86.73,84.2,66,40,12.75,MX,1584646233
166,presidente medici,-11.18,-61.9,80.15,86,99,3.0,BR,1584646431
167,arraial do cabo,-22.97,-42.03,86.0,70,52,17.22,BR,1584646431
168,benxi,41.29,123.77,26.6,79,0,2.24,CN,1584646431
169,lichuan,30.3,108.85,47.75,67,73,4.05,CN,1584646431
170,meulaboh,4.14,96.13,83.39,72,100,10.8,ID,1584646432
171,amapa,1.0,-52.0,74.39,96,100,4.83,BR,1584646432
172,ahipara,-35.17,173.17,66.29,76,72,14.76,NZ,1584646432
173,haimen,23.19,116.61,66.2,100,75,4.47,CN,1584646432
174,paamiut,61.99,-49.67,22.37,83,100,15.46,GL,1584646432
175,iberia,29.95,-91.75,80.6,83,90,16.11,US,1584646432
176,broken hill,-31.95,141.43,68.0,37,0,9.17,AU,1584646432
177,dwarka,22.24,68.97,75.65,73,100,11.36,IN,1584646433
178,nanortalik,60.14,-45.24,25.79,64,67,19.1,GL,1584646433
179,grand gaube,-20.01,57.66,77.0,83,75,8.28,MU,1584646433
180,ulladulla,-35.35,150.47,75.2,44,42,10.29,AU,1584646433
181,itarema,-2.92,-39.92,77.99,89,62,4.27,BR,1584646433
182,poum,-20.23,164.02,78.53,76,0,24.81,NC,1584646433
183,puerto madero,14.72,-92.42,91.4,59,40,3.36,MX,1584646433
184,vangaindrano,-23.35,47.6,70.07,78,99,2.91,MG,1584646433
185,monrovia,6.3,-10.8,86.0,74,75,9.17,LR,1584646163
186,magadan,59.57,150.8,-4.81,72,0,9.4,RU,1584646160
187,chuy,-33.7,-53.46,70.25,64,37,16.67,UY,1584646434
188,kumano,34.34,132.59,48.99,39,5,11.41,JP,1584646434
189,geraldton,-28.77,114.6,75.2,38,67,8.05,AU,1584646240
190,hovd,48.01,91.64,24.35,66,0,3.33,MN,1584646434
191,ahtopol,42.1,27.95,43.0,60,23,5.82,BG,1584646434
192,ola,59.58,151.28,-7.87,70,0,5.44,RU,1584646434
193,codrington,-38.27,141.97,61.43,83,31,24.9,AU,1584646434
194,tessalit,20.2,1.01,85.01,17,0,10.04,ML,1584646434
195,atar,20.52,-13.05,68.81,19,0,10.8,MR,1584646434
196,tuatapere,-46.13,167.68,51.01,64,20,14.0,NZ,1584646434
197,kalabo,-14.97,22.68,66.47,94,100,3.24,ZM,1584646435
198,sao jose da coroa grande,-8.9,-35.15,82.67,76,10,15.43,BR,1584646435
199,shelburne,44.08,-80.2,48.0,65,90,5.82,CA,1584646204
200,mamakan,57.82,114.0,2.39,98,87,1.79,RU,1584646435
201,elk city,35.41,-99.4,73.4,26,1,27.51,US,1584646435
202,tevriz,57.51,72.4,32.99,97,100,9.15,RU,1584646435
203,iaciara,-14.1,-46.63,76.91,84,66,1.01,BR,1584646435
204,prince albert,53.2,-105.77,15.8,33,5,4.7,CA,1584646435
205,hun,29.13,15.95,70.07,21,32,16.64,LY,1584646435
206,port hardy,50.7,-127.42,44.6,75,75,5.82,CA,1584646342
207,praya,14.92,-23.51,71.6,60,40,18.34,CV,1584646435
208,deputatskiy,69.3,139.9,-20.47,94,100,3.15,RU,1584646436
209,bajil,15.06,43.29,74.75,79,19,5.1,YE,1584646436
210,shaunavon,49.65,-108.42,11.57,78,0,7.02,CA,1584646436
211,rincon,32.3,-81.24,87.8,45,40,10.29,US,1584646151
212,erenhot,43.65,111.98,34.07,42,92,10.94,CN,1584646436
213,cascais,38.7,-9.42,60.8,72,20,11.41,PT,1584646436
214,rio gallegos,-51.62,-69.22,59.0,38,75,12.75,AR,1584646180
215,saint george,37.1,-113.58,54.0,53,1,10.29,US,1584646188
216,pangody,65.85,74.49,3.11,83,94,10.18,RU,1584646438
217,luderitz,-26.65,15.16,66.2,77,0,5.82,NA,1584646438
218,antanifotsy,-19.65,47.32,60.89,98,87,2.57,MG,1584646438
219,volchikha,52.03,80.38,23.45,92,82,9.37,RU,1584646439
220,huarmey,-10.07,-78.15,81.95,54,1,8.57,PE,1584646439
221,merville,50.64,2.64,52.0,93,20,9.17,FR,1584646439
222,sencur,46.25,14.42,55.99,70,0,1.12,SI,1584646439
223,saldanha,-33.01,17.94,64.4,77,0,4.7,ZA,1584646439
224,socorro,31.65,-106.3,60.01,35,1,13.87,US,1584646440
225,salalah,17.02,54.09,78.8,78,75,6.93,OM,1584646440
226,palmer,42.16,-72.33,48.2,81,90,11.41,US,1584646315
227,minab,27.15,57.08,71.6,88,0,4.7,IR,1584646440
228,bethel,41.37,-73.41,51.01,75,90,5.82,US,1584646441
229,zhangjiakou,40.81,114.88,36.77,32,100,2.75,CN,1584646441
230,moose factory,51.26,-80.61,19.4,57,75,13.87,CA,1584646441
231,saint-leu,-21.15,55.28,73.4,64,12,8.05,RE,1584646441
232,bismarck,46.81,-100.78,21.2,73,90,16.11,US,1584646441
233,pamanukan,-6.28,107.81,75.65,89,96,3.69,ID,1584646441
234,qom,34.64,50.88,58.37,33,0,10.85,IR,1584646441
235,warren,39.43,-84.17,64.0,93,90,6.93,US,1584646441
236,bantry,51.68,-9.45,44.6,70,20,5.82,IE,1584646442
237,touros,-5.2,-35.46,86.0,66,20,13.87,BR,1584646442
238,haines junction,60.75,-137.51,25.79,81,6,1.95,CA,1584646442
239,kletskaya,49.31,43.06,41.0,41,0,9.8,RU,1584646442
240,boshan,36.48,117.83,57.99,27,0,3.0,CN,1584646442
241,mancio lima,-7.61,-72.9,78.8,94,75,6.93,BR,1584646442
242,kirakira,-10.45,161.92,79.79,83,14,2.53,SB,1584646442
243,darnah,32.77,22.64,55.85,60,39,8.86,LY,1584646442
244,haukipudas,65.18,25.35,26.6,53,36,13.87,FI,1584646442
245,pisco,-13.7,-76.22,73.99,30,75,12.75,PE,1584646443
246,malatya,38.5,38.0,39.2,93,90,5.82,TR,1584646443
247,thompson,55.74,-97.86,8.6,35,5,6.93,CA,1584646418
248,maceio,-9.67,-35.74,84.2,79,40,9.17,BR,1584646443
249,meiganga,6.52,14.3,70.61,30,54,2.01,CM,1584646443
250,bamora,24.06,78.09,72.77,25,0,4.79,IN,1584646443
251,slave lake,55.28,-114.77,23.0,53,1,12.75,CA,1584646209
252,klaksvik,62.23,-6.59,35.6,64,100,8.05,FO,1584646443
253,piacabucu,-10.41,-36.43,79.97,85,100,8.86,BR,1584646443
254,birao,10.28,22.79,80.51,16,100,8.23,CF,1584646444
255,ayan,56.45,138.17,4.01,72,0,5.75,RU,1584646444
256,belmonte,-15.86,-38.88,86.0,84,75,2.24,BR,1584646444
257,olovyannaya,50.95,115.57,19.49,70,0,15.9,RU,1584646444
258,amazar,53.86,120.88,17.87,96,100,4.23,RU,1584646444
259,marsh harbour,26.54,-77.06,74.21,75,0,16.89,BS,1584646444
260,bambous virieux,-20.34,57.76,77.0,83,75,9.13,MU,1584646444
261,jining,35.41,116.58,48.11,41,0,11.72,CN,1584646445
262,asau,46.43,26.4,51.01,61,59,2.24,RO,1584646445
263,jinchang,38.5,102.17,37.13,27,0,6.29,CN,1584646445
264,imbituba,-28.24,-48.67,84.2,74,40,12.75,BR,1584646445
265,karpogory,64.0,44.45,19.49,96,89,4.43,RU,1584646445
266,xingyi,24.19,102.82,49.19,94,17,1.12,CN,1584646445
267,yumen,40.28,97.2,39.29,34,90,6.29,CN,1584646445
268,ilulissat,69.22,-51.1,28.4,46,75,33.33,GL,1584646446
269,dunedin,-45.87,170.5,52.0,67,0,1.99,NZ,1584646446
270,sandwich,41.65,-88.62,52.0,93,90,10.29,US,1584646446
271,lensk,60.73,114.93,1.13,96,38,6.53,RU,1584646446
272,ancud,-41.87,-73.82,64.4,72,75,9.17,CL,1584646446
273,dingle,11.0,122.67,73.13,89,67,7.29,PH,1584646446
274,payo,-3.75,103.64,66.65,98,100,3.0,ID,1584646446
275,bambanglipuro,-7.95,110.28,74.39,89,48,7.61,ID,1584646446
276,denpasar,-8.65,115.22,80.6,94,40,5.82,ID,1584646415
277,phangnga,8.45,98.53,77.0,88,20,2.24,TH,1584646446
278,udachnyy,66.42,112.4,1.4,64,90,8.95,RU,1584646447
279,kakonko,-3.28,30.96,63.59,95,90,1.52,TZ,1584646303
280,sao miguel do araguaia,-13.28,-50.16,81.95,78,24,3.18,BR,1584646447
281,itainopolis,-7.45,-41.48,74.57,94,100,1.81,BR,1584646447
282,araouane,18.9,-3.53,81.59,13,10,10.38,ML,1584646447
283,oum hadjer,13.3,19.7,81.95,7,62,13.35,TD,1584646447
284,namatanai,-3.67,152.43,83.21,73,99,6.08,PG,1584646447
285,portland,45.52,-122.68,57.0,62,20,3.36,US,1584646368
286,fairbanks,64.84,-147.72,28.99,86,40,3.36,US,1584646255
287,kariba,-16.52,28.8,67.73,87,14,4.45,ZW,1584646448
288,dzhebariki-khaya,62.22,135.8,-2.29,81,99,4.0,RU,1584646448
289,shimoda,34.67,138.95,60.01,87,40,18.34,JP,1584646448
290,nova vicosa,-17.89,-39.37,79.97,79,0,8.93,BR,1584646448
291,san cristobal,7.77,-72.22,84.2,54,40,9.17,VE,1584646448
292,hofn,64.25,-15.21,34.43,63,94,4.05,IS,1584646448
293,atbasar,51.8,68.33,18.41,84,0,10.09,KZ,1584646448
294,constitucion,-35.33,-72.42,65.93,54,0,10.71,CL,1584646448
295,le port,-20.94,55.29,73.4,83,75,6.93,RE,1584646449
296,kavieng,-2.57,150.8,83.03,73,100,6.22,PG,1584646449
297,marystown,47.17,-55.15,27.77,68,0,16.73,CA,1584646449
298,honiton,50.8,-3.19,46.0,87,75,12.75,GB,1584646449
299,tari,12.41,4.49,82.13,9,84,2.93,NG,1584646449
300,sept-iles,50.2,-66.38,28.0,58,75,8.05,CA,1584646211
301,kagadi,0.96,30.8,65.57,88,80,3.76,UG,1584646449
302,houma,29.6,-90.72,84.2,78,90,6.93,US,1584646449
303,longido,-2.73,36.68,63.59,91,100,6.67,TZ,1584646449
304,nouadhibou,20.93,-17.03,68.0,64,0,24.16,MR,1584646450
305,paka,4.64,103.44,69.8,94,0,3.98,MY,1584646450
306,juba,4.85,31.58,86.09,43,93,1.74,SS,1584646450
307,thiadiaye,14.42,-16.71,96.8,41,1,17.22,SN,1584646450
308,castro,-24.79,-50.01,70.79,96,45,3.22,BR,1584646450
309,colac,-38.33,143.58,57.0,96,52,10.0,AU,1584646450
310,leh,34.17,77.58,7.97,61,100,3.06,IN,1584646450
311,howell,42.61,-83.93,46.99,93,90,12.75,US,1584646291
312,fairlie,55.76,-4.86,42.8,86,0,5.82,GB,1584646450
313,timmins,48.47,-81.33,39.2,41,90,8.05,CA,1584646171
314,berezovyy,51.67,135.7,15.17,89,48,1.83,RU,1584646451
315,sohag,26.56,31.69,56.21,26,71,8.19,EG,1584646251
316,sur,22.57,59.53,72.77,63,0,11.5,OM,1584646451
317,tiksi,71.69,128.87,2.57,87,100,12.84,RU,1584646451
318,labuhan,-6.88,112.21,75.11,91,100,2.15,ID,1584646451
319,lampang,18.33,99.5,71.51,40,51,1.1,TH,1584646451
320,tarko-sale,64.92,77.78,12.99,87,99,11.54,RU,1584646451
321,saint-augustin,51.23,-58.65,22.91,80,100,11.86,CA,1584646451
322,taoudenni,22.68,-3.98,72.77,14,0,10.89,ML,1584646451
323,pontianak,-0.03,109.33,73.13,97,96,1.39,ID,1584646451
324,visp,46.29,7.88,57.2,50,0,2.24,CH,1584646452
325,hasaki,35.73,140.83,60.8,87,75,11.41,JP,1584646452
326,sainte-marie,-20.9,55.55,73.4,83,75,6.93,RE,1584646452
327,naze,28.37,129.48,64.4,68,75,16.11,JP,1584646452
328,norman wells,65.28,-126.83,21.2,85,75,8.05,CA,1584646452
329,moen,69.13,18.61,23.0,79,75,16.11,NO,1584646452
330,kuybysheve,47.36,36.65,41.09,52,0,5.73,UA,1584646452
331,severiano melo,-5.78,-37.96,77.45,85,100,5.93,BR,1584646452
332,santa maria,-29.68,-53.81,84.2,45,40,11.41,BR,1584646452
333,lorengau,-2.02,147.27,83.57,70,100,5.53,PG,1584646452
334,zhurivka,50.5,31.78,46.4,65,63,8.95,UA,1584646453
335,gornopravdinsk,60.05,69.9,32.45,98,100,5.66,RU,1584646453
336,biak,-0.91,122.88,81.05,76,13,2.37,ID,1584646453
337,salinopolis,-0.61,-47.36,80.87,83,100,24.23,BR,1584646453
338,vilhena,-12.74,-60.15,82.4,78,40,11.41,BR,1584646393
339,verkh-usugli,52.7,115.17,16.07,65,0,5.41,RU,1584646453
340,sorland,67.67,12.69,31.37,74,70,18.63,NO,1584646453
341,jacareacanga,-6.22,-57.75,89.6,66,20,4.7,BR,1584646192
342,ardakan,32.31,54.02,59.0,54,20,13.87,IR,1584646454
343,emirdag,39.02,31.15,24.17,95,95,4.52,TR,1584646454
344,bereda,43.27,-7.54,55.0,93,90,4.7,ES,1584646454
345,pyaozerskiy,65.83,31.17,16.43,84,55,17.94,RU,1584646454
346,siocon,7.71,122.14,79.25,77,50,4.65,PH,1584646454
347,gazli,40.13,63.45,60.53,44,64,16.26,UZ,1584646454
348,ozinki,51.18,49.68,38.03,54,0,10.0,RU,1584646454
349,mahebourg,-20.41,57.7,77.0,83,75,6.02,MU,1584646454
350,gondar,12.6,37.47,61.43,32,100,8.59,ET,1584646454
351,karratha,-20.74,116.85,84.47,73,25,5.97,AU,1584646454
352,north bend,43.41,-124.22,57.0,81,1,3.36,US,1584646455
353,economy,40.6,-80.22,63.0,76,75,6.93,US,1584646455
354,beringovskiy,63.05,179.32,29.39,92,100,2.3,RU,1584646455
355,bubaque,11.28,-15.83,78.71,69,0,16.91,GW,1584646455
356,kaitangata,-46.28,169.85,51.01,67,0,1.99,NZ,1584646455
357,andenes,69.31,16.12,25.0,92,100,3.36,NO,1584646455
358,effium,6.63,8.06,88.43,55,100,14.16,NG,1584646455
359,belle fourche,44.67,-103.85,26.01,100,90,13.87,US,1584646455
360,nelson bay,-32.72,152.15,70.0,93,0,2.77,AU,1584646455
361,zharkent,44.16,80.0,51.89,69,100,18.43,KZ,1584646456
362,camacari,-12.7,-38.32,84.2,79,40,13.87,BR,1584646456
363,bathsheba,13.22,-59.52,86.0,62,75,18.34,BB,1584646456
364,vestmannaeyjar,63.44,-20.27,35.6,47,75,11.41,IS,1584646456
365,pevek,69.7,170.31,-10.03,96,100,16.22,RU,1584646456
366,tapes,-30.67,-51.4,77.63,49,1,5.5,BR,1584646456
367,esperance,-33.87,121.9,59.0,93,90,5.82,AU,1584646242
368,ketchikan,55.34,-131.65,46.4,61,1,16.11,US,1584646456
369,nemuro,43.32,145.57,38.39,96,67,18.41,JP,1584646456
370,nara,34.69,135.8,52.0,34,83,29.97,JP,1584646160
371,oktyabrskoye,43.06,44.74,30.29,81,50,1.59,RU,1584646457
372,awbari,26.59,12.78,75.47,35,100,17.05,LY,1584646457
373,aksay,47.26,39.87,43.0,44,5,8.95,RU,1584646457
374,vila franca do campo,37.72,-25.43,57.2,67,40,14.99,PT,1584646457
375,rawson,-43.3,-65.1,61.07,77,100,10.02,AR,1584646247
376,mikumi,-7.4,36.98,67.91,93,93,2.59,TZ,1584646457
377,hirado,33.36,129.55,48.2,49,0,16.11,JP,1584646457
378,hebi,35.9,114.19,51.17,35,3,6.62,CN,1584646457
379,harper,4.38,-7.72,78.35,90,69,4.21,LR,1584646457
380,jos,9.92,8.9,73.85,13,92,2.75,NG,1584646458
381,quanzhou,24.91,118.59,64.4,93,94,2.24,CN,1584646326
382,ocos,14.51,-92.19,95.0,41,75,11.41,GT,1584646458
383,morrope,-6.54,-80.01,66.2,29,0,25.28,PE,1584646458
384,nishihara,26.18,127.76,62.6,93,90,2.24,JP,1584646458
385,erzin,36.96,36.2,46.99,100,75,3.36,TR,1584646458
386,bose,45.46,8.01,62.6,44,0,3.36,IT,1584646458
387,raudeberg,61.99,5.14,39.0,86,20,4.7,NO,1584646458
388,tatawin,32.93,10.45,59.0,72,33,9.17,TN,1584646459
389,bilibino,68.05,166.44,-14.53,97,100,3.11,RU,1584646459
390,serenje,-13.23,30.24,63.77,97,100,6.15,ZM,1584646459
391,basoko,1.24,23.62,77.81,70,86,0.87,CD,1584646459
392,tamesis,5.66,-75.71,86.0,53,75,4.7,CO,1584646459
393,sola,-13.88,167.55,78.8,88,20,13.42,VU,1584646459
394,tecolutla,20.48,-97.02,86.0,66,75,4.7,MX,1584646459
395,whitianga,-36.83,175.7,64.0,83,67,8.01,NZ,1584646459
396,broome,42.25,-75.83,53.01,81,90,6.93,US,1584646459
397,myaundzha,63.05,147.19,-26.95,99,0,1.14,RU,1584646460
398,worthing,50.81,-0.37,48.2,87,75,11.41,GB,1584646274
399,knysna,-34.04,23.05,60.8,100,56,3.36,ZA,1584646460
400,pacific grove,36.62,-121.92,57.99,58,40,6.93,US,1584646287
401,rafraf,37.19,10.18,59.0,71,40,14.99,TN,1584646460
402,intipuca,13.2,-88.05,87.71,52,0,15.03,SV,1584646460
403,maragogi,-9.01,-35.22,82.67,76,10,15.43,BR,1584646460
404,rocha,-34.48,-54.33,64.49,84,76,15.66,UY,1584646460
405,tucupita,9.06,-62.05,85.19,55,91,8.75,VE,1584646460
406,guhagar,17.48,73.19,79.43,72,0,10.49,IN,1584646460
407,mount gambier,-37.83,140.77,59.0,87,75,11.41,AU,1584646461
408,coihaique,-45.58,-72.07,64.4,55,75,5.82,CL,1584646461
409,katsuura,35.13,140.3,63.0,72,75,25.28,JP,1584646461
410,teguise,29.06,-13.56,68.0,68,40,13.87,ES,1584646461
411,ostrovnoy,68.05,39.51,15.35,94,100,14.56,RU,1584646461
412,hirara,24.8,125.28,67.91,79,100,14.34,JP,1584646461
413,tanabe,33.73,135.37,52.0,37,0,3.0,JP,1584646461
414,urla,38.32,26.76,53.6,42,40,6.93,TR,1584646461
415,mao,39.89,4.27,55.4,82,40,6.93,ES,1584646461
416,tutoia,-2.76,-42.27,86.0,79,40,11.41,BR,1584646461
417,hospet,15.27,76.4,83.03,33,75,7.65,IN,1584646462
418,tupik,54.43,119.93,13.73,95,100,3.91,RU,1584646462
419,pemberton,50.32,-122.8,44.6,39,40,2.24,CA,1584646462
420,tete,-16.16,33.59,82.4,54,0,10.29,MZ,1584646462
421,pimentel,-6.84,-79.93,66.2,29,0,25.28,PE,1584646462
422,snasa,64.25,12.38,32.0,93,20,2.24,NO,1584646462
423,quirinopolis,-18.45,-50.45,79.07,83,66,4.25,BR,1584646462
424,egvekinot,66.32,-179.17,15.53,97,100,11.52,RU,1584646462
425,omsukchan,62.53,155.8,-21.55,93,29,2.28,RU,1584646463
426,suntar,62.14,117.63,3.29,91,0,6.78,RU,1584646463
427,yatou,37.15,122.38,43.43,52,0,11.61,CN,1584646463
428,uong bi,21.03,106.78,68.0,94,75,4.7,VN,1584646463
429,te anau,-45.42,167.72,45.23,64,5,3.83,NZ,1584646463
430,lagoa,39.05,-27.98,56.57,64,98,15.21,PT,1584646463
431,warrington,53.39,-2.58,46.0,81,100,11.41,GB,1584646463
432,nizhniy ingash,56.2,96.53,23.27,89,100,8.5,RU,1584646463
433,kupang,-10.17,123.58,80.69,76,41,8.61,ID,1584646463
434,pasir mas,6.05,102.14,73.0,94,20,1.12,MY,1584646236
435,seoul,37.57,126.98,42.8,80,1,3.36,KR,1584646444
436,ati,13.22,18.34,84.65,11,93,13.65,TD,1584646464
437,nchelenge,-9.35,28.73,71.69,85,100,5.21,ZM,1584646464
438,daru,-9.08,143.21,77.09,93,97,7.0,PG,1584646464
439,ler,8.3,30.14,83.57,14,58,4.65,SS,1584646464
440,assiniboia,49.63,-105.98,15.89,68,0,9.51,CA,1584646266
441,bokoro,12.38,17.06,85.91,12,86,12.35,TD,1584646464
442,bar harbor,44.39,-68.2,41.0,64,90,11.41,US,1584646464
443,vestmanna,62.16,-7.17,35.6,64,74,8.05,FO,1584646465
444,linqing,36.85,115.71,54.59,36,0,20.45,CN,1584646465
445,santa isabel do rio negro,-0.41,-65.02,77.45,95,100,4.79,BR,1584646465
446,sibolga,1.74,98.78,71.33,96,100,3.69,ID,1584646465
447,ulaangom,49.98,92.07,13.73,73,0,1.59,MN,1584646465
448,aklavik,68.22,-135.01,32.0,86,90,2.24,CA,1584646323
449,cocal,-28.62,-49.35,70.43,92,17,2.35,BR,1584646465
450,changuinola,9.43,-82.52,86.0,76,0,1.01,PA,1584646465
451,comodoro rivadavia,-45.87,-67.5,69.8,49,75,11.41,AR,1584646465
452,kattivakkam,13.22,80.32,82.99,78,20,8.05,IN,1584646466
453,ovalle,-30.6,-71.2,77.45,30,0,8.43,CL,1584646466
454,sarramea,-21.64,165.85,64.4,77,0,2.24,NC,1584646466
455,varvasaina,37.68,21.5,50.0,76,20,7.34,GR,1584646466
456,wenling,28.37,121.36,54.0,74,3,4.5,CN,1584646466
457,kutum,14.2,24.67,62.69,13,100,5.73,SD,1584646466
458,bowen,-20.02,148.23,72.0,94,90,10.29,AU,1584646466
459,cerritos,33.86,-118.06,62.6,48,75,8.05,US,1584646228
460,chapais,49.78,-74.85,33.8,43,90,8.05,CA,1584646361
461,hongjiang,27.11,110.0,55.85,73,0,2.3,CN,1584646467
462,gweta,-20.18,25.23,72.41,67,7,6.26,BW,1584646467
463,cabedelo,-6.98,-34.83,86.0,62,44,11.41,BR,1584646467
464,puerto colombia,10.99,-74.95,87.8,55,0,16.11,CO,1584646467
465,grand island,40.92,-98.34,48.2,93,90,13.87,US,1584646443
466,buckeye,33.37,-112.58,63.0,47,40,6.93,US,1584646200
467,bandarbeyla,9.49,50.81,80.69,84,69,10.31,SO,1584646467
468,barmer,25.75,71.38,78.17,22,100,8.99,IN,1584646468
469,xining,36.62,101.77,30.11,36,3,2.39,CN,1584646468
470,boende,-0.22,20.87,72.59,99,100,1.01,CD,1584646468
471,tieling,42.29,123.84,32.27,61,69,6.08,CN,1584646468
472,vorontsovka,50.61,40.35,45.05,68,100,11.97,RU,1584646468
473,makakilo city,21.35,-158.09,75.2,73,75,4.7,US,1584646468
474,cayenne,4.93,-52.33,84.2,62,92,12.75,GF,1584646325
475,channel-port aux basques,47.57,-59.14,26.33,65,0,7.31,CA,1584646468
476,dicabisagan,17.08,122.42,73.49,85,27,4.25,PH,1584646469
477,pontal,-21.02,-48.04,89.6,43,75,5.82,BR,1584646469
478,iserlohn,51.37,7.7,57.0,81,98,5.82,DE,1584646469
479,lugovoy,42.95,72.76,45.41,83,72,3.49,KZ,1584646469
480,kifri,34.7,44.97,56.57,58,99,3.04,IQ,1584646469
481,gambela,8.25,34.58,83.39,46,8,2.53,ET,1584646469
482,inverell,-29.78,151.12,57.99,89,0,2.24,AU,1584646469
483,puerto el triunfo,13.28,-88.55,93.2,44,20,10.29,SV,1584646470
484,palencia,42.42,-4.5,55.99,48,33,1.01,ES,1584646470
485,mayo,38.89,-76.51,75.0,72,1,3.6,US,1584646172
486,pacasmayo,-7.4,-79.57,79.79,67,4,15.88,PE,1584646470
487,illapel,-31.63,-71.17,70.97,36,0,9.19,CL,1584646470
488,sembe,1.65,14.58,70.61,98,100,1.99,CG,1584646470
489,port augusta,-32.5,137.77,59.0,82,15,8.05,AU,1584646471
490,san patricio,19.22,-104.7,86.0,79,20,11.41,MX,1584646471
491,saint-joseph,-21.37,55.62,73.4,64,0,8.05,RE,1584646471
492,upata,8.01,-62.4,80.33,63,100,7.4,VE,1584646471
493,chernyshevskiy,63.01,112.47,5.99,93,98,10.98,RU,1584646471
494,vilyuysk,63.76,121.62,2.93,94,10,7.94,RU,1584646471
495,nabire,-3.37,135.48,70.97,95,83,1.63,ID,1584646471
496,passo de camaragibe,-9.24,-35.49,84.2,79,40,9.17,BR,1584646471
497,pesochnoye,58.01,39.18,34.25,80,90,6.35,RU,1584646471
498,harrai,22.62,79.22,70.25,45,51,4.76,IN,1584646472
499,sharkan,57.3,53.87,37.99,94,96,4.0,RU,1584646472
500,kroya,-7.63,109.25,74.93,90,79,2.06,ID,1584646472
501,viedma,-40.81,-63.0,66.29,60,0,14.94,AR,1584646472
502,la libertad,-2.23,-80.9,86.0,66,27,11.41,EC,1584646472
503,lima,-12.04,-77.03,80.6,69,40,13.87,PE,1584646345
504,nome,64.5,-165.41,33.8,86,90,20.8,US,1584646458
505,henties bay,-22.12,14.28,61.0,91,4,3.0,NA,1584646472
506,natal,-5.79,-35.21,86.0,66,20,9.17,BR,1584646360
507,fort nelson,58.81,-122.7,21.2,57,75,2.66,CA,1584646209
508,havoysund,71.0,24.66,21.2,73,75,17.22,NO,1584646473
509,yingkou,40.66,122.23,39.29,55,87,15.48,CN,1584646473
510,hami,42.8,93.45,47.21,42,47,3.76,CN,1584646473
511,mashhad,36.3,59.61,55.4,87,20,1.83,IR,1584646298
512,blackwater,-23.58,148.88,67.01,77,0,7.65,AU,1584646473
513,ponta do sol,32.67,-17.1,62.6,63,40,12.75,PT,1584646473
514,jega,12.22,4.38,83.75,8,100,4.03,NG,1584646473
515,manaure,11.78,-72.44,93.2,36,20,16.11,CO,1584646474
516,atambua,-9.11,124.89,72.59,86,100,3.18,ID,1584646474
517,porto recanati,43.44,13.66,55.0,87,0,3.36,IT,1584646474
518,port-cartier,50.03,-66.87,28.0,58,75,8.05,CA,1584646474
519,bamiantong,44.93,130.53,24.17,83,0,13.13,CN,1584646474
520,khasan,42.43,130.64,32.27,63,0,24.0,RU,1584646474
521,wasco,35.59,-119.34,55.99,71,90,7.07,US,1584646474
522,limon,10.0,-83.03,86.0,66,0,6.93,CR,1584646474
523,camoapa,12.38,-85.51,86.0,51,40,13.87,NI,1584646475
524,andahuaylas,-13.66,-73.39,60.89,75,75,6.73,PE,1584646475
525,olafsvik,64.89,-23.71,34.97,76,100,17.31,IS,1584646475
526,grindavik,63.84,-22.43,32.0,74,75,20.8,IS,1584646475
527,srostki,52.42,85.7,22.91,90,93,7.05,RU,1584646475
528,fort collins,40.59,-105.08,36.0,89,90,23.04,US,1584646379
529,rock sound,24.9,-76.2,73.85,78,0,19.86,BS,1584646475
530,bethanien,-26.5,17.16,77.45,20,3,6.31,NA,1584646476
531,yasnogorsk,54.48,37.7,38.57,78,100,10.63,RU,1584646476
532,jalu,29.03,21.55,64.13,30,0,10.22,LY,1584646476
533,alberton,46.82,-64.07,29.57,88,21,12.33,CA,1584646476
534,saint-pierre,-21.34,55.48,73.4,64,0,8.05,RE,1584646476
535,kulhudhuffushi,6.62,73.07,83.75,74,100,5.91,MV,1584646235
536,burnie,-41.07,145.92,55.99,81,35,21.94,AU,1584646476
537,mongu,-15.25,23.13,66.29,96,100,3.42,ZM,1584646476
538,sitka,57.05,-135.33,41.0,80,1,3.36,US,1584646477
539,waipawa,-41.41,175.52,61.0,72,0,14.99,NZ,1584646477
540,upington,-28.45,21.26,80.6,44,28,12.75,ZA,1584646477
541,roald,62.58,6.13,36.0,79,75,1.12,NO,1584646477
542,krasnoselkup,65.7,82.47,-1.75,86,97,8.32,RU,1584646477
543,kanchanaburi,14.63,99.1,72.05,76,59,3.71,TH,1584646477
544,samfya,-11.36,29.56,65.21,97,100,0.76,ZM,1584646477
545,catuday,16.29,119.81,79.79,82,86,14.03,PH,1584646478
546,beyneu,45.32,55.2,49.01,62,100,10.13,KZ,1584646478
547,pathein,16.78,94.73,76.73,80,0,10.36,MM,1584646478
548,aykino,62.22,49.99,26.15,96,98,5.7,RU,1584646478
549,tazovskiy,67.47,78.7,-17.59,96,0,4.76,RU,1584646478
550,mogadishu,2.04,45.34,82.85,81,64,13.33,SO,1584646456
551,lincoln,40.8,-96.67,71.01,93,90,6.93,US,1584646408
552,kaohsiung,22.62,120.31,73.4,78,40,6.93,TW,1584646267
553,caravelas,-17.71,-39.25,81.95,79,0,12.97,BR,1584646479
554,sidmouth,50.69,-3.24,46.0,87,75,12.75,GB,1584646479
555,inuvik,68.35,-133.72,32.0,84,90,3.36,CA,1584646479
556,prince rupert,54.32,-130.32,48.2,62,1,4.7,CA,1584646479
557,kijang,35.24,129.21,41.0,44,0,4.7,KR,1584646479
558,dubbo,-32.25,148.62,57.2,87,0,5.82,AU,1584646479
559,pontian kecil,1.48,103.39,82.4,88,20,3.94,MY,1584646479
560,raduzhnyy,62.1,77.47,25.61,97,99,4.97,RU,1584646480
561,tromso,69.65,18.96,23.0,85,75,13.87,NO,1584646356
562,soyo,-6.13,12.37,82.4,83,75,6.93,AO,1584646480
563,kudat,6.88,116.85,80.6,88,75,4.7,MY,1584646480
564,biu,10.61,12.19,85.19,8,15,10.69,NG,1584646480
565,abha,18.22,42.51,60.8,82,20,10.29,SA,1584646480
566,merritt,50.11,-120.79,46.4,36,1,6.93,CA,1584646204
567,joshimath,30.57,79.57,32.09,56,41,8.9,IN,1584646480
568,kasangulu,-4.59,15.17,80.6,88,90,9.17,CD,1584646481
569,svetlyy,54.67,20.13,35.6,93,76,6.71,RU,1584646481
570,sarai naurang,32.83,70.78,65.39,62,95,3.24,PK,1584646481
571,uige,-7.61,15.06,70.25,92,100,0.89,AO,1584646481
572,teknaf,20.86,92.31,64.13,58,100,3.31,BD,1584646481
573,miguel auza,24.29,-103.45,80.51,19,100,20.76,MX,1584646481
